{
  "mean_recall@3": 0.3333333333333333,
  "map@3": 0.3055555555555555
}